{"flutter":{"platforms":{"android":{"default":{"projectId":"material-store-7d076","appId":"1:12621387638:android:106753e5dce7583944cc57","fileOutput":"android/app/google-services.json"}},"dart":{"lib/firebase_options.dart":{"projectId":"material-store-7d076","configurations":{"android":"1:12621387638:android:106753e5dce7583944cc57","ios":"1:12621387638:ios:1f2abfeaaab0333244cc57","macos":"1:12621387638:ios:1f2abfeaaab0333244cc57","web":"1:12621387638:web:cb0dd266d12e817344cc57","windows":"1:12621387638:web:a03415454861cf7344cc57"}}}}}}